{
    "$schema": "https://schemas.kicad.org/drc.v1.json",
    "coordinate_units": "mm",
    "date": "2025-02-06T11:55:08+0530",
    "kicad_version": "8.0.5",
    "schematic_parity": [],
    "source": "STM_assignment.kicad_pcb",
    "unconnected_items": [
        {
            "description": "Missing connection between items",
            "items": [
                {
                    "description": "Pad 22 [Net-(U1-VCAP_1)] of U1 on F.Cu",
                    "pos": {
                        "x": 148.1225,
                        "y": 97.42
                    },
                    "uuid": "da6e4b3d-513a-4e46-b43b-ca416af1b494"
                },
                {
                    "description": "Pad 1 [Net-(U1-VCAP_1)] of C1 on F.Cu",
                    "pos": {
                        "x": 155.3575,
                        "y": 84.225
                    },
                    "uuid": "388f80ef-eff9-4b01-b3e0-717428a24ab6"
                }
            ],
            "severity": "error",
            "type": "unconnected_items"
        },
        {
            "description": "Missing connection between items",
            "items": [
                {
                    "description": "Pad 15 [Net-(U1-PA5)] of U1 on F.Cu",
                    "pos": {
                        "x": 144.6225,
                        "y": 97.42
                    },
                    "uuid": "08a615d3-d3ae-4fbd-9065-85189252e0a6"
                },
                {
                    "description": "Pad 13 [Net-(U1-PA5)] of U2 on F.Cu",
                    "pos": {
                        "x": 152.2775,
                        "y": 84.08
                    },
                    "uuid": "e0ce3eeb-ba80-4aeb-b48b-962b31e4a943"
                }
            ],
            "severity": "error",
            "type": "unconnected_items"
        },
        {
            "description": "Missing connection between items",
            "items": [
                {
                    "description": "Pad 17 [Net-(U1-PA7)] of U1 on F.Cu",
                    "pos": {
                        "x": 145.6225,
                        "y": 97.42
                    },
                    "uuid": "11b5c711-ebda-4bf5-a6cf-f655e518621c"
                },
                {
                    "description": "Pad 14 [Net-(U1-PA7)] of U2 on F.Cu",
                    "pos": {
                        "x": 152.2775,
                        "y": 82.81
                    },
                    "uuid": "bd801332-ab98-4917-b8b1-ba8307612c78"
                }
            ],
            "severity": "error",
            "type": "unconnected_items"
        },
        {
            "description": "Missing connection between items",
            "items": [
                {
                    "description": "Pad 32 [Net-(U1-PA11)] of U1 on F.Cu",
                    "pos": {
                        "x": 149.8025,
                        "y": 93.24
                    },
                    "uuid": "b55c236f-9670-4c96-8ee3-e1b21d24a5e6"
                },
                {
                    "description": "Pad 7 [Net-(U1-PA11)] of U4 on F.Cu",
                    "pos": {
                        "x": 160.7825,
                        "y": 78.86
                    },
                    "uuid": "5c5e40c1-5b7a-4fc6-aaa7-2cb680ece4ce"
                }
            ],
            "severity": "error",
            "type": "unconnected_items"
        }
    ],
    "violations": [
        {
            "description": "Footprint 'SOIC-8_3.9x4.9mm_P1.27mm' does not match copy in library 'Package_SO'.",
            "items": [
                {
                    "description": "Footprint U4",
                    "pos": {
                        "x": 158.3075,
                        "y": 79.495
                    },
                    "uuid": "1b9c3c05-ed9a-4932-b6ad-1dcb87edf49c"
                }
            ],
            "severity": "warning",
            "type": "lib_footprint_mismatch"
        },
        {
            "description": "Footprint 'QFN50P700X700X60-49N' does not match copy in library 'STM32F411CEU6'.",
            "items": [
                {
                    "description": "Footprint U1",
                    "pos": {
                        "x": 146.3725,
                        "y": 93.99
                    },
                    "uuid": "ae92e773-6be6-43f6-b63b-e4ccb8dd69d8"
                }
            ],
            "severity": "warning",
            "type": "lib_footprint_mismatch"
        },
        {
            "description": "Footprint 'SOIC-18W_7.5x11.6mm_P1.27mm' does not match copy in library 'Package_SO'.",
            "items": [
                {
                    "description": "Footprint U2",
                    "pos": {
                        "x": 147.6275,
                        "y": 82.81
                    },
                    "uuid": "bb4f46c3-743a-4719-b625-d472f1859a63"
                }
            ],
            "severity": "warning",
            "type": "lib_footprint_mismatch"
        },
        {
            "description": "Footprint 'C_0805_2012Metric' does not match copy in library 'Capacitor_SMD'.",
            "items": [
                {
                    "description": "Footprint C1",
                    "pos": {
                        "x": 156.3075,
                        "y": 84.225
                    },
                    "uuid": "c7e26669-9aad-42d1-a93d-13ed590c6088"
                }
            ],
            "severity": "warning",
            "type": "lib_footprint_mismatch"
        },
        {
            "description": "Footprint 'SSOP-16_5.3x6.2mm_P0.65mm' does not match copy in library 'Package_SO'.",
            "items": [
                {
                    "description": "Footprint U3",
                    "pos": {
                        "x": 156.4125,
                        "y": 93.125
                    },
                    "uuid": "e13bb6e2-ceee-4e58-9b84-fc4c10b736bb"
                }
            ],
            "severity": "warning",
            "type": "lib_footprint_mismatch"
        },
        {
            "description": "Board has malformed outline (no edges found on Edge.Cuts layer)",
            "items": [
                {
                    "description": "PCB",
                    "pos": {
                        "x": 0.0,
                        "y": 0.0
                    },
                    "uuid": "a2a5a289-b2d9-4122-8ec7-315f773bcc3f"
                }
            ],
            "severity": "error",
            "type": "invalid_outline"
        },
        {
            "description": "Front solder mask aperture bridges items with different nets",
            "items": [
                {
                    "description": "Pad 13 [unconnected-(U1-PA3-Pad13)] of U1 on F.Cu",
                    "pos": {
                        "x": 143.6225,
                        "y": 97.42
                    },
                    "uuid": "8aa9e549-395d-4e0a-bbc0-17cea682cfc1"
                },
                {
                    "description": "Pad 49 [GND] of U1 on F.Cu",
                    "pos": {
                        "x": 146.3725,
                        "y": 93.99
                    },
                    "uuid": "aaf3c993-2538-4b46-8f3c-1e66358e1aaf"
                }
            ],
            "severity": "error",
            "type": "solder_mask_bridge"
        },
        {
            "description": "Front solder mask aperture bridges items with different nets",
            "items": [
                {
                    "description": "Pad 13 [unconnected-(U1-PA3-Pad13)] of U1 on F.Cu",
                    "pos": {
                        "x": 143.6225,
                        "y": 97.42
                    },
                    "uuid": "8aa9e549-395d-4e0a-bbc0-17cea682cfc1"
                },
                {
                    "description": "Pad 12 [unconnected-(U1-PA2-Pad12)] of U1 on F.Cu",
                    "pos": {
                        "x": 142.9425,
                        "y": 96.74
                    },
                    "uuid": "ac5b0bf2-1ba8-4cd7-ba23-dae2ca7bb484"
                }
            ],
            "severity": "error",
            "type": "solder_mask_bridge"
        },
        {
            "description": "Front solder mask aperture bridges items with different nets",
            "items": [
                {
                    "description": "Pad 14 [Net-(U1-PA4)] of U1 on F.Cu",
                    "pos": {
                        "x": 144.1225,
                        "y": 97.42
                    },
                    "uuid": "e98643a6-150e-41cc-b779-d7ccb13ff00d"
                },
                {
                    "description": "Pad 49 [GND] of U1 on F.Cu",
                    "pos": {
                        "x": 146.3725,
                        "y": 93.99
                    },
                    "uuid": "aaf3c993-2538-4b46-8f3c-1e66358e1aaf"
                }
            ],
            "severity": "error",
            "type": "solder_mask_bridge"
        },
        {
            "description": "Front solder mask aperture bridges items with different nets",
            "items": [
                {
                    "description": "Pad 15 [Net-(U1-PA5)] of U1 on F.Cu",
                    "pos": {
                        "x": 144.6225,
                        "y": 97.42
                    },
                    "uuid": "08a615d3-d3ae-4fbd-9065-85189252e0a6"
                },
                {
                    "description": "Pad 49 [GND] of U1 on F.Cu",
                    "pos": {
                        "x": 146.3725,
                        "y": 93.99
                    },
                    "uuid": "aaf3c993-2538-4b46-8f3c-1e66358e1aaf"
                }
            ],
            "severity": "error",
            "type": "solder_mask_bridge"
        },
        {
            "description": "Front solder mask aperture bridges items with different nets",
            "items": [
                {
                    "description": "Pad 16 [Net-(U1-PA6)] of U1 on F.Cu",
                    "pos": {
                        "x": 145.1225,
                        "y": 97.42
                    },
                    "uuid": "ad5d050d-2ea4-4aa3-bdac-7758083f4b57"
                },
                {
                    "description": "Pad 49 [GND] of U1 on F.Cu",
                    "pos": {
                        "x": 146.3725,
                        "y": 93.99
                    },
                    "uuid": "aaf3c993-2538-4b46-8f3c-1e66358e1aaf"
                }
            ],
            "severity": "error",
            "type": "solder_mask_bridge"
        },
        {
            "description": "Front solder mask aperture bridges items with different nets",
            "items": [
                {
                    "description": "Pad 17 [Net-(U1-PA7)] of U1 on F.Cu",
                    "pos": {
                        "x": 145.6225,
                        "y": 97.42
                    },
                    "uuid": "11b5c711-ebda-4bf5-a6cf-f655e518621c"
                },
                {
                    "description": "Pad 49 [GND] of U1 on F.Cu",
                    "pos": {
                        "x": 146.3725,
                        "y": 93.99
                    },
                    "uuid": "aaf3c993-2538-4b46-8f3c-1e66358e1aaf"
                }
            ],
            "severity": "error",
            "type": "solder_mask_bridge"
        },
        {
            "description": "Front solder mask aperture bridges items with different nets",
            "items": [
                {
                    "description": "Pad 18 [unconnected-(U1-PB0-Pad18)] of U1 on F.Cu",
                    "pos": {
                        "x": 146.1225,
                        "y": 97.42
                    },
                    "uuid": "05610bad-9f72-431c-b30a-d30bf4a87c98"
                },
                {
                    "description": "Pad 49 [GND] of U1 on F.Cu",
                    "pos": {
                        "x": 146.3725,
                        "y": 93.99
                    },
                    "uuid": "aaf3c993-2538-4b46-8f3c-1e66358e1aaf"
                }
            ],
            "severity": "error",
            "type": "solder_mask_bridge"
        },
        {
            "description": "Front solder mask aperture bridges items with different nets",
            "items": [
                {
                    "description": "Pad 19 [unconnected-(U1-PB1-Pad19)] of U1 on F.Cu",
                    "pos": {
                        "x": 146.6225,
                        "y": 97.42
                    },
                    "uuid": "b7a3aa32-a797-44db-8073-e6f206c43237"
                },
                {
                    "description": "Pad 49 [GND] of U1 on F.Cu",
                    "pos": {
                        "x": 146.3725,
                        "y": 93.99
                    },
                    "uuid": "aaf3c993-2538-4b46-8f3c-1e66358e1aaf"
                }
            ],
            "severity": "error",
            "type": "solder_mask_bridge"
        },
        {
            "description": "Front solder mask aperture bridges items with different nets",
            "items": [
                {
                    "description": "Pad 20 [unconnected-(U1-PB2-Pad20)] of U1 on F.Cu",
                    "pos": {
                        "x": 147.1225,
                        "y": 97.42
                    },
                    "uuid": "1695f8cb-fdda-4d7d-b755-e2eb9ef05a77"
                },
                {
                    "description": "Pad 49 [GND] of U1 on F.Cu",
                    "pos": {
                        "x": 146.3725,
                        "y": 93.99
                    },
                    "uuid": "aaf3c993-2538-4b46-8f3c-1e66358e1aaf"
                }
            ],
            "severity": "error",
            "type": "solder_mask_bridge"
        },
        {
            "description": "Front solder mask aperture bridges items with different nets",
            "items": [
                {
                    "description": "Pad 21 [unconnected-(U1-PB10-Pad21)] of U1 on F.Cu",
                    "pos": {
                        "x": 147.6225,
                        "y": 97.42
                    },
                    "uuid": "91b3150b-1dff-484a-881f-0cce511c0e6b"
                },
                {
                    "description": "Pad 49 [GND] of U1 on F.Cu",
                    "pos": {
                        "x": 146.3725,
                        "y": 93.99
                    },
                    "uuid": "aaf3c993-2538-4b46-8f3c-1e66358e1aaf"
                }
            ],
            "severity": "error",
            "type": "solder_mask_bridge"
        },
        {
            "description": "Front solder mask aperture bridges items with different nets",
            "items": [
                {
                    "description": "Pad 22 [Net-(U1-VCAP_1)] of U1 on F.Cu",
                    "pos": {
                        "x": 148.1225,
                        "y": 97.42
                    },
                    "uuid": "da6e4b3d-513a-4e46-b43b-ca416af1b494"
                },
                {
                    "description": "Pad 49 [GND] of U1 on F.Cu",
                    "pos": {
                        "x": 146.3725,
                        "y": 93.99
                    },
                    "uuid": "aaf3c993-2538-4b46-8f3c-1e66358e1aaf"
                }
            ],
            "severity": "error",
            "type": "solder_mask_bridge"
        },
        {
            "description": "Front solder mask aperture bridges items with different nets",
            "items": [
                {
                    "description": "Pad 24 [+3V3] of U1 on F.Cu",
                    "pos": {
                        "x": 149.1225,
                        "y": 97.42
                    },
                    "uuid": "facd4916-907e-4aaa-bb61-6dd86e753f7a"
                },
                {
                    "description": "Pad 25 [unconnected-(U1-PB12-Pad25)] of U1 on F.Cu",
                    "pos": {
                        "x": 149.8025,
                        "y": 96.74
                    },
                    "uuid": "5d73234c-d52b-412b-9b01-9b3f0fa4b414"
                }
            ],
            "severity": "error",
            "type": "solder_mask_bridge"
        },
        {
            "description": "Front solder mask aperture bridges items with different nets",
            "items": [
                {
                    "description": "Pad 24 [+3V3] of U1 on F.Cu",
                    "pos": {
                        "x": 149.1225,
                        "y": 97.42
                    },
                    "uuid": "facd4916-907e-4aaa-bb61-6dd86e753f7a"
                },
                {
                    "description": "Pad 49 [GND] of U1 on F.Cu",
                    "pos": {
                        "x": 146.3725,
                        "y": 93.99
                    },
                    "uuid": "aaf3c993-2538-4b46-8f3c-1e66358e1aaf"
                }
            ],
            "severity": "error",
            "type": "solder_mask_bridge"
        },
        {
            "description": "Front solder mask aperture bridges items with different nets",
            "items": [
                {
                    "description": "Pad 37 [unconnected-(U1-PA14-Pad37)] of U1 on F.Cu",
                    "pos": {
                        "x": 149.1225,
                        "y": 90.56
                    },
                    "uuid": "0ed82ece-249a-4b68-8683-bac8a34373b7"
                },
                {
                    "description": "Pad 49 [GND] of U1 on F.Cu",
                    "pos": {
                        "x": 146.3725,
                        "y": 93.99
                    },
                    "uuid": "aaf3c993-2538-4b46-8f3c-1e66358e1aaf"
                }
            ],
            "severity": "error",
            "type": "solder_mask_bridge"
        },
        {
            "description": "Front solder mask aperture bridges items with different nets",
            "items": [
                {
                    "description": "Pad 37 [unconnected-(U1-PA14-Pad37)] of U1 on F.Cu",
                    "pos": {
                        "x": 149.1225,
                        "y": 90.56
                    },
                    "uuid": "0ed82ece-249a-4b68-8683-bac8a34373b7"
                },
                {
                    "description": "Pad 36 [+3V3] of U1 on F.Cu",
                    "pos": {
                        "x": 149.8025,
                        "y": 91.24
                    },
                    "uuid": "39768c0b-4b5b-4c47-8ac3-a743a366ada5"
                }
            ],
            "severity": "error",
            "type": "solder_mask_bridge"
        },
        {
            "description": "Front solder mask aperture bridges items with different nets",
            "items": [
                {
                    "description": "Pad 38 [unconnected-(U1-PA15-Pad38)] of U1 on F.Cu",
                    "pos": {
                        "x": 148.6225,
                        "y": 90.56
                    },
                    "uuid": "6d658969-0ba6-4280-87ff-7c66c00958a2"
                },
                {
                    "description": "Pad 49 [GND] of U1 on F.Cu",
                    "pos": {
                        "x": 146.3725,
                        "y": 93.99
                    },
                    "uuid": "aaf3c993-2538-4b46-8f3c-1e66358e1aaf"
                }
            ],
            "severity": "error",
            "type": "solder_mask_bridge"
        },
        {
            "description": "Front solder mask aperture bridges items with different nets",
            "items": [
                {
                    "description": "Pad 39 [unconnected-(U1-PB3-Pad39)] of U1 on F.Cu",
                    "pos": {
                        "x": 148.1225,
                        "y": 90.56
                    },
                    "uuid": "476b1c4e-ee5a-45b4-ad0c-a1dccd38d481"
                },
                {
                    "description": "Pad 49 [GND] of U1 on F.Cu",
                    "pos": {
                        "x": 146.3725,
                        "y": 93.99
                    },
                    "uuid": "aaf3c993-2538-4b46-8f3c-1e66358e1aaf"
                }
            ],
            "severity": "error",
            "type": "solder_mask_bridge"
        },
        {
            "description": "Front solder mask aperture bridges items with different nets",
            "items": [
                {
                    "description": "Pad 40 [unconnected-(U1-PB4-Pad40)] of U1 on F.Cu",
                    "pos": {
                        "x": 147.6225,
                        "y": 90.56
                    },
                    "uuid": "5aa09328-b6e3-4801-8096-5530553e2b55"
                },
                {
                    "description": "Pad 49 [GND] of U1 on F.Cu",
                    "pos": {
                        "x": 146.3725,
                        "y": 93.99
                    },
                    "uuid": "aaf3c993-2538-4b46-8f3c-1e66358e1aaf"
                }
            ],
            "severity": "error",
            "type": "solder_mask_bridge"
        },
        {
            "description": "Front solder mask aperture bridges items with different nets",
            "items": [
                {
                    "description": "Pad 41 [unconnected-(U1-PB5-Pad41)] of U1 on F.Cu",
                    "pos": {
                        "x": 147.1225,
                        "y": 90.56
                    },
                    "uuid": "c56ba711-23fd-4843-8302-31a889b5eadd"
                },
                {
                    "description": "Pad 49 [GND] of U1 on F.Cu",
                    "pos": {
                        "x": 146.3725,
                        "y": 93.99
                    },
                    "uuid": "aaf3c993-2538-4b46-8f3c-1e66358e1aaf"
                }
            ],
            "severity": "error",
            "type": "solder_mask_bridge"
        },
        {
            "description": "Front solder mask aperture bridges items with different nets",
            "items": [
                {
                    "description": "Pad 42 [unconnected-(U1-PB6-Pad42)] of U1 on F.Cu",
                    "pos": {
                        "x": 146.6225,
                        "y": 90.56
                    },
                    "uuid": "6c0551a0-6168-4d03-a070-d197a707e414"
                },
                {
                    "description": "Pad 49 [GND] of U1 on F.Cu",
                    "pos": {
                        "x": 146.3725,
                        "y": 93.99
                    },
                    "uuid": "aaf3c993-2538-4b46-8f3c-1e66358e1aaf"
                }
            ],
            "severity": "error",
            "type": "solder_mask_bridge"
        },
        {
            "description": "Front solder mask aperture bridges items with different nets",
            "items": [
                {
                    "description": "Pad 43 [unconnected-(U1-PB7-Pad43)] of U1 on F.Cu",
                    "pos": {
                        "x": 146.1225,
                        "y": 90.56
                    },
                    "uuid": "7eec05bc-514d-4ee1-b647-ceb1a743322c"
                },
                {
                    "description": "Pad 49 [GND] of U1 on F.Cu",
                    "pos": {
                        "x": 146.3725,
                        "y": 93.99
                    },
                    "uuid": "aaf3c993-2538-4b46-8f3c-1e66358e1aaf"
                }
            ],
            "severity": "error",
            "type": "solder_mask_bridge"
        },
        {
            "description": "Front solder mask aperture bridges items with different nets",
            "items": [
                {
                    "description": "Pad 44 [unconnected-(U1-BOOT0-Pad44)] of U1 on F.Cu",
                    "pos": {
                        "x": 145.6225,
                        "y": 90.56
                    },
                    "uuid": "65a28c25-85c7-4583-a650-55d404fd9969"
                },
                {
                    "description": "Pad 49 [GND] of U1 on F.Cu",
                    "pos": {
                        "x": 146.3725,
                        "y": 93.99
                    },
                    "uuid": "aaf3c993-2538-4b46-8f3c-1e66358e1aaf"
                }
            ],
            "severity": "error",
            "type": "solder_mask_bridge"
        },
        {
            "description": "Front solder mask aperture bridges items with different nets",
            "items": [
                {
                    "description": "Pad 45 [unconnected-(U1-PB8-Pad45)] of U1 on F.Cu",
                    "pos": {
                        "x": 145.1225,
                        "y": 90.56
                    },
                    "uuid": "8e945af9-67e2-4ad2-9055-d25ca2e3e0c5"
                },
                {
                    "description": "Pad 49 [GND] of U1 on F.Cu",
                    "pos": {
                        "x": 146.3725,
                        "y": 93.99
                    },
                    "uuid": "aaf3c993-2538-4b46-8f3c-1e66358e1aaf"
                }
            ],
            "severity": "error",
            "type": "solder_mask_bridge"
        },
        {
            "description": "Front solder mask aperture bridges items with different nets",
            "items": [
                {
                    "description": "Pad 46 [unconnected-(U1-PB9-Pad46)] of U1 on F.Cu",
                    "pos": {
                        "x": 144.6225,
                        "y": 90.56
                    },
                    "uuid": "d800ef8e-86e6-4c82-9f14-cde0e9d3a440"
                },
                {
                    "description": "Pad 49 [GND] of U1 on F.Cu",
                    "pos": {
                        "x": 146.3725,
                        "y": 93.99
                    },
                    "uuid": "aaf3c993-2538-4b46-8f3c-1e66358e1aaf"
                }
            ],
            "severity": "error",
            "type": "solder_mask_bridge"
        },
        {
            "description": "Front solder mask aperture bridges items with different nets",
            "items": [
                {
                    "description": "Pad 48 [+3V3] of U1 on F.Cu",
                    "pos": {
                        "x": 143.6225,
                        "y": 90.56
                    },
                    "uuid": "da4b0d6c-4d75-477b-b036-6714f8066636"
                },
                {
                    "description": "Pad 1 [unconnected-(U1-VBAT-Pad1)] of U1 on F.Cu",
                    "pos": {
                        "x": 142.9425,
                        "y": 91.24
                    },
                    "uuid": "ddc1860c-cefe-4104-8a22-029f7af9fb74"
                }
            ],
            "severity": "error",
            "type": "solder_mask_bridge"
        },
        {
            "description": "Front solder mask aperture bridges items with different nets",
            "items": [
                {
                    "description": "Pad 48 [+3V3] of U1 on F.Cu",
                    "pos": {
                        "x": 143.6225,
                        "y": 90.56
                    },
                    "uuid": "da4b0d6c-4d75-477b-b036-6714f8066636"
                },
                {
                    "description": "Pad 49 [GND] of U1 on F.Cu",
                    "pos": {
                        "x": 146.3725,
                        "y": 93.99
                    },
                    "uuid": "aaf3c993-2538-4b46-8f3c-1e66358e1aaf"
                }
            ],
            "severity": "error",
            "type": "solder_mask_bridge"
        },
        {
            "description": "Front solder mask aperture bridges items with different nets",
            "items": [
                {
                    "description": "Pad 1 [unconnected-(U1-VBAT-Pad1)] of U1 on F.Cu",
                    "pos": {
                        "x": 142.9425,
                        "y": 91.24
                    },
                    "uuid": "ddc1860c-cefe-4104-8a22-029f7af9fb74"
                },
                {
                    "description": "Pad 49 [GND] of U1 on F.Cu",
                    "pos": {
                        "x": 146.3725,
                        "y": 93.99
                    },
                    "uuid": "aaf3c993-2538-4b46-8f3c-1e66358e1aaf"
                }
            ],
            "severity": "error",
            "type": "solder_mask_bridge"
        },
        {
            "description": "Front solder mask aperture bridges items with different nets",
            "items": [
                {
                    "description": "Pad 2 [unconnected-(U1-PC13-ANTI_TAMP-Pad2)] of U1 on F.Cu",
                    "pos": {
                        "x": 142.9425,
                        "y": 91.74
                    },
                    "uuid": "40f70f71-beb0-4870-93fd-f6db04ec6664"
                },
                {
                    "description": "Pad 49 [GND] of U1 on F.Cu",
                    "pos": {
                        "x": 146.3725,
                        "y": 93.99
                    },
                    "uuid": "aaf3c993-2538-4b46-8f3c-1e66358e1aaf"
                }
            ],
            "severity": "error",
            "type": "solder_mask_bridge"
        },
        {
            "description": "Front solder mask aperture bridges items with different nets",
            "items": [
                {
                    "description": "Pad 3 [unconnected-(U1-PC14-OSC32_IN-Pad3)] of U1 on F.Cu",
                    "pos": {
                        "x": 142.9425,
                        "y": 92.24
                    },
                    "uuid": "14a0022e-8ea5-4046-bc4b-76e7cee3c002"
                },
                {
                    "description": "Pad 49 [GND] of U1 on F.Cu",
                    "pos": {
                        "x": 146.3725,
                        "y": 93.99
                    },
                    "uuid": "aaf3c993-2538-4b46-8f3c-1e66358e1aaf"
                }
            ],
            "severity": "error",
            "type": "solder_mask_bridge"
        },
        {
            "description": "Front solder mask aperture bridges items with different nets",
            "items": [
                {
                    "description": "Pad 4 [unconnected-(U1-PC15-OSC32_OUT-Pad4)] of U1 on F.Cu",
                    "pos": {
                        "x": 142.9425,
                        "y": 92.74
                    },
                    "uuid": "ee6fc228-8188-45fd-98d2-0de9526478ed"
                },
                {
                    "description": "Pad 49 [GND] of U1 on F.Cu",
                    "pos": {
                        "x": 146.3725,
                        "y": 93.99
                    },
                    "uuid": "aaf3c993-2538-4b46-8f3c-1e66358e1aaf"
                }
            ],
            "severity": "error",
            "type": "solder_mask_bridge"
        },
        {
            "description": "Front solder mask aperture bridges items with different nets",
            "items": [
                {
                    "description": "Pad 5 [unconnected-(U1-PH0-OSC_IN-Pad5)] of U1 on F.Cu",
                    "pos": {
                        "x": 142.9425,
                        "y": 93.24
                    },
                    "uuid": "8b965768-189d-4686-b85b-d5c459d024ce"
                },
                {
                    "description": "Pad 49 [GND] of U1 on F.Cu",
                    "pos": {
                        "x": 146.3725,
                        "y": 93.99
                    },
                    "uuid": "aaf3c993-2538-4b46-8f3c-1e66358e1aaf"
                }
            ],
            "severity": "error",
            "type": "solder_mask_bridge"
        },
        {
            "description": "Front solder mask aperture bridges items with different nets",
            "items": [
                {
                    "description": "Pad 6 [unconnected-(U1-PH1-OSC_OUT-Pad6)] of U1 on F.Cu",
                    "pos": {
                        "x": 142.9425,
                        "y": 93.74
                    },
                    "uuid": "e6023794-09cb-42b8-a01c-58d959150364"
                },
                {
                    "description": "Pad 49 [GND] of U1 on F.Cu",
                    "pos": {
                        "x": 146.3725,
                        "y": 93.99
                    },
                    "uuid": "aaf3c993-2538-4b46-8f3c-1e66358e1aaf"
                }
            ],
            "severity": "error",
            "type": "solder_mask_bridge"
        },
        {
            "description": "Front solder mask aperture bridges items with different nets",
            "items": [
                {
                    "description": "Pad 7 [unconnected-(U1-NRST-Pad7)] of U1 on F.Cu",
                    "pos": {
                        "x": 142.9425,
                        "y": 94.24
                    },
                    "uuid": "4ac013cf-796a-4e8a-bf5d-a0e71417e6cf"
                },
                {
                    "description": "Pad 49 [GND] of U1 on F.Cu",
                    "pos": {
                        "x": 146.3725,
                        "y": 93.99
                    },
                    "uuid": "aaf3c993-2538-4b46-8f3c-1e66358e1aaf"
                }
            ],
            "severity": "error",
            "type": "solder_mask_bridge"
        },
        {
            "description": "Front solder mask aperture bridges items with different nets",
            "items": [
                {
                    "description": "Pad 8 [unconnected-(U1-VSSA-Pad8)] of U1 on F.Cu",
                    "pos": {
                        "x": 142.9425,
                        "y": 94.74
                    },
                    "uuid": "73c6738a-4ff8-420f-9a24-50ab92e7820b"
                },
                {
                    "description": "Pad 49 [GND] of U1 on F.Cu",
                    "pos": {
                        "x": 146.3725,
                        "y": 93.99
                    },
                    "uuid": "aaf3c993-2538-4b46-8f3c-1e66358e1aaf"
                }
            ],
            "severity": "error",
            "type": "solder_mask_bridge"
        },
        {
            "description": "Front solder mask aperture bridges items with different nets",
            "items": [
                {
                    "description": "Pad 9 [+3V3] of U1 on F.Cu",
                    "pos": {
                        "x": 142.9425,
                        "y": 95.24
                    },
                    "uuid": "b8fbde4b-f447-48ad-b2d8-9c337edc42ad"
                },
                {
                    "description": "Pad 49 [GND] of U1 on F.Cu",
                    "pos": {
                        "x": 146.3725,
                        "y": 93.99
                    },
                    "uuid": "aaf3c993-2538-4b46-8f3c-1e66358e1aaf"
                }
            ],
            "severity": "error",
            "type": "solder_mask_bridge"
        },
        {
            "description": "Front solder mask aperture bridges items with different nets",
            "items": [
                {
                    "description": "Pad 10 [unconnected-(U1-PA0-WKUP-Pad10)] of U1 on F.Cu",
                    "pos": {
                        "x": 142.9425,
                        "y": 95.74
                    },
                    "uuid": "0b5edc16-8cb5-4a72-b9cf-6374aa698e0a"
                },
                {
                    "description": "Pad 49 [GND] of U1 on F.Cu",
                    "pos": {
                        "x": 146.3725,
                        "y": 93.99
                    },
                    "uuid": "aaf3c993-2538-4b46-8f3c-1e66358e1aaf"
                }
            ],
            "severity": "error",
            "type": "solder_mask_bridge"
        },
        {
            "description": "Front solder mask aperture bridges items with different nets",
            "items": [
                {
                    "description": "Pad 11 [unconnected-(U1-PA1-Pad11)] of U1 on F.Cu",
                    "pos": {
                        "x": 142.9425,
                        "y": 96.24
                    },
                    "uuid": "492f0f54-638b-42e8-89f1-06bc0219fdff"
                },
                {
                    "description": "Pad 49 [GND] of U1 on F.Cu",
                    "pos": {
                        "x": 146.3725,
                        "y": 93.99
                    },
                    "uuid": "aaf3c993-2538-4b46-8f3c-1e66358e1aaf"
                }
            ],
            "severity": "error",
            "type": "solder_mask_bridge"
        },
        {
            "description": "Front solder mask aperture bridges items with different nets",
            "items": [
                {
                    "description": "Pad 12 [unconnected-(U1-PA2-Pad12)] of U1 on F.Cu",
                    "pos": {
                        "x": 142.9425,
                        "y": 96.74
                    },
                    "uuid": "ac5b0bf2-1ba8-4cd7-ba23-dae2ca7bb484"
                },
                {
                    "description": "Pad 49 [GND] of U1 on F.Cu",
                    "pos": {
                        "x": 146.3725,
                        "y": 93.99
                    },
                    "uuid": "aaf3c993-2538-4b46-8f3c-1e66358e1aaf"
                }
            ],
            "severity": "error",
            "type": "solder_mask_bridge"
        },
        {
            "description": "Front solder mask aperture bridges items with different nets",
            "items": [
                {
                    "description": "Pad 25 [unconnected-(U1-PB12-Pad25)] of U1 on F.Cu",
                    "pos": {
                        "x": 149.8025,
                        "y": 96.74
                    },
                    "uuid": "5d73234c-d52b-412b-9b01-9b3f0fa4b414"
                },
                {
                    "description": "Pad 49 [GND] of U1 on F.Cu",
                    "pos": {
                        "x": 146.3725,
                        "y": 93.99
                    },
                    "uuid": "aaf3c993-2538-4b46-8f3c-1e66358e1aaf"
                }
            ],
            "severity": "error",
            "type": "solder_mask_bridge"
        },
        {
            "description": "Front solder mask aperture bridges items with different nets",
            "items": [
                {
                    "description": "Pad 26 [unconnected-(U1-PB13-Pad26)] of U1 on F.Cu",
                    "pos": {
                        "x": 149.8025,
                        "y": 96.24
                    },
                    "uuid": "678c4741-e572-4140-9045-9a2f46c2a55b"
                },
                {
                    "description": "Pad 49 [GND] of U1 on F.Cu",
                    "pos": {
                        "x": 146.3725,
                        "y": 93.99
                    },
                    "uuid": "aaf3c993-2538-4b46-8f3c-1e66358e1aaf"
                }
            ],
            "severity": "error",
            "type": "solder_mask_bridge"
        },
        {
            "description": "Front solder mask aperture bridges items with different nets",
            "items": [
                {
                    "description": "Pad 27 [unconnected-(U1-PB14-Pad27)] of U1 on F.Cu",
                    "pos": {
                        "x": 149.8025,
                        "y": 95.74
                    },
                    "uuid": "0f2ae21e-b898-4846-86cf-21fd38280daa"
                },
                {
                    "description": "Pad 49 [GND] of U1 on F.Cu",
                    "pos": {
                        "x": 146.3725,
                        "y": 93.99
                    },
                    "uuid": "aaf3c993-2538-4b46-8f3c-1e66358e1aaf"
                }
            ],
            "severity": "error",
            "type": "solder_mask_bridge"
        },
        {
            "description": "Front solder mask aperture bridges items with different nets",
            "items": [
                {
                    "description": "Pad 28 [unconnected-(U1-PB15-Pad28)] of U1 on F.Cu",
                    "pos": {
                        "x": 149.8025,
                        "y": 95.24
                    },
                    "uuid": "718868c5-cc4a-4c1f-b9f6-c5fcb1063487"
                },
                {
                    "description": "Pad 49 [GND] of U1 on F.Cu",
                    "pos": {
                        "x": 146.3725,
                        "y": 93.99
                    },
                    "uuid": "aaf3c993-2538-4b46-8f3c-1e66358e1aaf"
                }
            ],
            "severity": "error",
            "type": "solder_mask_bridge"
        },
        {
            "description": "Front solder mask aperture bridges items with different nets",
            "items": [
                {
                    "description": "Pad 29 [unconnected-(U1-PA8-Pad29)] of U1 on F.Cu",
                    "pos": {
                        "x": 149.8025,
                        "y": 94.74
                    },
                    "uuid": "d073dddf-fd0b-465f-a82f-5c94288106ec"
                },
                {
                    "description": "Pad 49 [GND] of U1 on F.Cu",
                    "pos": {
                        "x": 146.3725,
                        "y": 93.99
                    },
                    "uuid": "aaf3c993-2538-4b46-8f3c-1e66358e1aaf"
                }
            ],
            "severity": "error",
            "type": "solder_mask_bridge"
        },
        {
            "description": "Front solder mask aperture bridges items with different nets",
            "items": [
                {
                    "description": "Pad 30 [unconnected-(U1-PA9-Pad30)] of U1 on F.Cu",
                    "pos": {
                        "x": 149.8025,
                        "y": 94.24
                    },
                    "uuid": "c8e1c013-9198-4306-9f16-e574d715cf16"
                },
                {
                    "description": "Pad 49 [GND] of U1 on F.Cu",
                    "pos": {
                        "x": 146.3725,
                        "y": 93.99
                    },
                    "uuid": "aaf3c993-2538-4b46-8f3c-1e66358e1aaf"
                }
            ],
            "severity": "error",
            "type": "solder_mask_bridge"
        },
        {
            "description": "Front solder mask aperture bridges items with different nets",
            "items": [
                {
                    "description": "Pad 31 [unconnected-(U1-PA10-Pad31)] of U1 on F.Cu",
                    "pos": {
                        "x": 149.8025,
                        "y": 93.74
                    },
                    "uuid": "6e6c6f6a-50e0-4883-9fcc-bc9ae94831d6"
                },
                {
                    "description": "Pad 49 [GND] of U1 on F.Cu",
                    "pos": {
                        "x": 146.3725,
                        "y": 93.99
                    },
                    "uuid": "aaf3c993-2538-4b46-8f3c-1e66358e1aaf"
                }
            ],
            "severity": "error",
            "type": "solder_mask_bridge"
        },
        {
            "description": "Front solder mask aperture bridges items with different nets",
            "items": [
                {
                    "description": "Pad 32 [Net-(U1-PA11)] of U1 on F.Cu",
                    "pos": {
                        "x": 149.8025,
                        "y": 93.24
                    },
                    "uuid": "b55c236f-9670-4c96-8ee3-e1b21d24a5e6"
                },
                {
                    "description": "Pad 49 [GND] of U1 on F.Cu",
                    "pos": {
                        "x": 146.3725,
                        "y": 93.99
                    },
                    "uuid": "aaf3c993-2538-4b46-8f3c-1e66358e1aaf"
                }
            ],
            "severity": "error",
            "type": "solder_mask_bridge"
        },
        {
            "description": "Front solder mask aperture bridges items with different nets",
            "items": [
                {
                    "description": "Pad 33 [Net-(U1-PA12)] of U1 on F.Cu",
                    "pos": {
                        "x": 149.8025,
                        "y": 92.74
                    },
                    "uuid": "df67a786-32a5-4f08-a564-69bdbde85dda"
                },
                {
                    "description": "Pad 49 [GND] of U1 on F.Cu",
                    "pos": {
                        "x": 146.3725,
                        "y": 93.99
                    },
                    "uuid": "aaf3c993-2538-4b46-8f3c-1e66358e1aaf"
                }
            ],
            "severity": "error",
            "type": "solder_mask_bridge"
        },
        {
            "description": "Front solder mask aperture bridges items with different nets",
            "items": [
                {
                    "description": "Pad 34 [unconnected-(U1-PA13-Pad34)] of U1 on F.Cu",
                    "pos": {
                        "x": 149.8025,
                        "y": 92.24
                    },
                    "uuid": "c963f834-8009-41da-ba0c-671faeaed3f7"
                },
                {
                    "description": "Pad 49 [GND] of U1 on F.Cu",
                    "pos": {
                        "x": 146.3725,
                        "y": 93.99
                    },
                    "uuid": "aaf3c993-2538-4b46-8f3c-1e66358e1aaf"
                }
            ],
            "severity": "error",
            "type": "solder_mask_bridge"
        },
        {
            "description": "Front solder mask aperture bridges items with different nets",
            "items": [
                {
                    "description": "Pad 36 [+3V3] of U1 on F.Cu",
                    "pos": {
                        "x": 149.8025,
                        "y": 91.24
                    },
                    "uuid": "39768c0b-4b5b-4c47-8ac3-a743a366ada5"
                },
                {
                    "description": "Pad 49 [GND] of U1 on F.Cu",
                    "pos": {
                        "x": 146.3725,
                        "y": 93.99
                    },
                    "uuid": "aaf3c993-2538-4b46-8f3c-1e66358e1aaf"
                }
            ],
            "severity": "error",
            "type": "solder_mask_bridge"
        },
        {
            "description": "Silkscreen overlap (board setup constraints silk clearance 0.2000 mm; actual 0.1294 mm)",
            "items": [
                {
                    "description": "Segment on F.Silkscreen",
                    "pos": {
                        "x": 158.3075,
                        "y": 82.055
                    },
                    "uuid": "892ade38-1f46-43cd-bb60-ebf525c857f8"
                },
                {
                    "description": "Reference 'C1'",
                    "pos": {
                        "x": 156.3075,
                        "y": 82.545
                    },
                    "uuid": "c4d8e996-3ddc-4620-ab0b-6e5fa9954662"
                }
            ],
            "severity": "warning",
            "type": "silk_overlap"
        },
        {
            "description": "Silkscreen overlap (board setup constraints silk clearance 0.2000 mm; actual 0.0557 mm)",
            "items": [
                {
                    "description": "Reference 'U1'",
                    "pos": {
                        "x": 145.1275,
                        "y": 88.24
                    },
                    "uuid": "9bc9a9cd-1be5-4492-ae60-ba260a78c590"
                },
                {
                    "description": "Segment on F.Silkscreen",
                    "pos": {
                        "x": 147.6275,
                        "y": 88.695
                    },
                    "uuid": "a23117e3-ae16-44e0-84fc-afbc10c4b3bd"
                }
            ],
            "severity": "warning",
            "type": "silk_overlap"
        }
    ]
}
