{
    "$schema": "https://schemas.kicad.org/erc.v1.json",
    "coordinate_units": "mils",
    "date": "2025-02-06T14:01:03+0530",
    "kicad_version": "8.0.5",
    "sheets": [
        {
            "path": "/",
            "uuid_path": "/308af8e9-170e-4ab2-aeae-405103cdf3aa",
            "violations": [
                {
                    "description": "Pins of type Output and Output are connected",
                    "items": [
                        {
                            "description": "Symbol U2 Pin 12 [~{INT}, Output, Line]",
                            "pos": {
                                "x": 31.5,
                                "y": 40.5
                            },
                            "uuid": "4006f71c-6756-4aa5-975e-763ec6a9be70"
                        },
                        {
                            "description": "Symbol U3 Pin 4 [Output, Inverted]",
                            "pos": {
                                "x": 47.5,
                                "y": 54.0
                            },
                            "uuid": "f729f855-12fd-425e-a73f-f10fe0d0f083"
                        }
                    ],
                    "severity": "error",
                    "type": "pin_to_pin"
                }
            ]
        }
    ],
    "source": "STM_assignment.kicad_sch"
}
